{
  "timestamp": "2025-07-08T10:55:58.340773",
  "sequential": {
    "time": 0.7962381839752197,
    "results_count": 33,
    "sample_ids": [
      "46179941000135-1-000241/2025",
      "20834317000130-1-000014/2025",
      "09583958000127-1-000081/2025",
      "50176288000128-1-000038/2025",
      "20834317000130-1-000016/2025",
      "46612032000149-1-000225/2025",
      "67652750000119-1-000110/2025",
      "44925691000100-1-000030/2025",
      "04691691000178-1-000217/2025",
      "46523064000178-1-000103/2025"
    ]
  },
  "parallel": {
    "time": 75.95818018913269,
    "results_count": 158,
    "sample_ids": [
      "02215275000178-1-000621/2025",
      "11040888000102-1-000070/2025",
      "43052497000102-1-000255/2025",
      "05106805000138-1-000015/2025",
      "02215275000178-1-000633/2025",
      "02215275000178-1-000629/2025",
      "63025530000104-1-002472/2025",
      "46177523000109-1-000242/2025",
      "02029957000196-1-000187/2025",
      "02215275000178-1-000620/2025"
    ]
  },
  "comparison": {
    "speedup": 0.010482586365189634,
    "common_results": 2,
    "overlap_percentage": 1.2658227848101267
  }
}